0,1,2,3,4,5,6,7,8,9,10,11,12
-0.9373239712129189,0.27204132089468835,1.270388501478358,0.06492337761347788,-0.3806306237173409,0.9326869759055441,0.6890977545929835,0.7487933760207981,-0.25016237717726425,0.45559361664580633,0.6182070602374529,0.4967601948301922,-0.09079145457671986
-3.364779579584648,0.825373420879696,-0.250426403272242,0.7871110466266638,0.4802190661028639,-0.8249587740920525,0.49250873703504355,-1.2616858337728951,-0.06039857332008654,-0.26710097135063554,0.09858518113222493,0.6788353476451331,-0.12655083005259246
-2.5098113723136484,-1.0905126366327929,-0.6221935152973028,0.08294214709766548,0.7321300079473588,0.23385287230324103,0.5187038587518775,0.7833799682940641,-0.010197175089731794,-0.18355675998093662,-0.08785586437650639,0.030826724438937858,0.23438672670394933
1.2365275837085263,-0.5551012107183396,1.4045792990121626,-2.5266728393029614,0.3758805302396898,1.6476241010973653,-0.35332856372167637,-0.5851104552504914,-0.062308179980598094,0.35223805732953584,-0.1404114988315837,0.4100746692531264,-0.26066165081037074
1.7651697446063521,-0.26152736337198024,0.9028089021022621,-0.6647907512371389,0.20395783613648866,0.31710486295946166,0.9936950875849138,-0.4877373178140366,-0.5425994477116756,-0.09549122949198566,0.5525783701406175,-0.7221499019294642,0.5482660995020852
1.5720991127350337,0.24408686317524717,-0.0831898281940458,0.1886134618734218,0.3313185299837019,0.9449317772085339,-0.4437457070486284,0.5009179129437054,-0.4452136366780749,-0.28794881196828165,0.7764126557576608,0.2740200933204572,0.10202928403311859
-1.8872332064232409,0.5199646269170894,0.45194053800343587,-0.923046317001631,1.1677259112217748,1.4698264388328608,0.7629446861486835,-0.4550435520472681,-0.7981018386233094,-0.5757624328714444,-0.11418820134591962,-0.450436235904153,-0.1477527934055635
0.571930043394082,1.4214146581877323,-1.4989908887683407,-0.7951247777097492,-0.675046876521538,0.3196632620773634,-0.8392194412544802,0.10335301242248937,-0.9354815768826275,-0.7207125556388372,-0.5973826567990927,0.22301018973302955,0.2783090864591905
-1.2207418454489003,-0.03095969329558587,-0.26630243715672125,-0.00420867734304084,0.1701652097767029,-0.12659010357821876,0.4551809481683296,1.0154814640255365,0.40359137693167413,-0.25680225326906003,0.10104588111630278,-0.3111192266951626,-0.5061009273883986
-0.8587748141922922,-0.9239823310579977,1.6339478896155315,-1.0204174368071817,-0.10837711848670145,0.2588513725505046,0.5554669256219449,1.0110459499861133,-0.7275487520856642,0.12374748940599511,-0.3064640248073871,0.19193470335363483,0.5842584043379463
0.17517924557250322,-0.613091372902729,0.7877601078834899,0.9328976632270629,-0.5196430528955235,-0.3277266670816023,-0.4573627756206646,0.36712521508687923,0.43865030870882493,-0.7978526622010688,0.10511215082296932,0.2501481583930336,-0.7876175653392052
-0.09019355486217157,1.064451207042167,0.027966702847106617,-0.46822338421139714,-0.9259675131907317,0.5319996801397885,0.7182872937939719,-0.31447478612654756,0.4149680458317248,-0.5001526004593024,0.8357391368857993,-0.3868471486492965,0.33355288708121633
-0.5083791743055526,0.013553389361381452,-0.3357147857927049,0.18442670470365935,-0.08106616245790088,-0.3651642471952585,0.6682819693595627,0.008101445256140774,1.007383250622108,0.5608491412974731,-0.28840948522666154,0.9720757448638869,0.540046532721531
1.9975801726549516,0.09523354702103265,-0.2722161676220626,-0.6506286806366428,0.20964992865479137,-0.5627112581462259,-0.9065508196833567,0.6742880148676226,0.018902368045226756,0.3434716941520797,0.8032128157353097,-0.3484710372339213,0.22821364511598735
0.6015986817599221,0.7597285782019633,2.4626831452237408,0.735408890319039,-0.00611038295304156,-0.6291245389422682,-0.9764393748503404,0.20453165254422442,0.33361899094238395,0.9703068672530686,-0.3684720861508912,-0.018400872844093086,0.039061619327896036
0.9056570785643376,0.03166366103103266,1.9771751599631768,0.7994349891414265,0.3644802257663443,1.1465207893371552,-0.3697934209350056,0.07026666359630027,-0.21622454026323823,0.23487966144813133,-0.3594991975382965,0.31126983160774946,-0.2902232045864709
1.3612726473845254,-0.918876414418614,-0.14929562061096419,-0.683543475789467,0.18057052068089008,0.364637440282532,-0.6686406593500619,0.9250960224837362,0.14637773218495925,0.15586141418979593,0.9204225934744253,-0.3170454611572268,0.35834786269138874
0.6203436981936372,0.2629712126509799,0.6428730184056706,0.06956468774484642,-0.15996996168692068,0.2612659955987709,-0.5545263335435664,-0.011190558119373667,-0.8949332662381816,-0.37300182295024803,-0.07758937660635529,0.24515682056319632,-0.7129020818092151
1.1394187779659295,0.41958941690147034,-0.4458874020825248,0.1511240890752666,-0.8462222405790016,0.11623204988122932,-0.6168781875674059,-1.0510662593787405,-0.14515755499202915,0.6854455514408289,-0.37828888568734864,-0.36079048264806163,-0.03654979292894192
1.6089229284118243,0.5951833143938036,0.0609084083594439,-0.31358067650024685,0.01029692648675451,0.2821240344628226,-0.5812974818659702,-0.09924455507305494,-0.40795393299194804,-0.06342643651362267,0.8567598035917643,0.2632716651819793,0.021911402020725584
-0.3824911384385424,-0.9968638766193042,-0.45145387017742883,0.397241068650866,-0.5964324135218062,1.2323181210760965,1.1006271179625087,0.8024051210562214,0.07274887003323936,-0.3607874877148991,0.25244568842706305,0.7920893955931342,0.32662512157987444
0.22124565780313998,1.7454913157604255,0.6572226366061751,0.03998829249517466,-0.42550037569689425,0.42053369043049926,0.6331803701596921,-0.08391517528502021,-0.4372525077218659,0.1186083503684679,0.09012562321811776,-0.08423739665353369,0.2132619006696877
0.06668115704096969,0.3269762072083049,-0.5091227272667476,-0.7029949478937516,-0.4988889892268224,1.069905974286861,0.8317414776486867,0.4303773626978703,0.30879858029095614,-0.32097040606328486,1.0727060177601406,0.2924291159108391,0.02260749969961344
-0.8862608777426801,-0.09356597439659683,0.7509160232580405,-0.737738939388388,2.020996957020507,1.0723301452105958,0.4479322698979324,0.6208114373169211,-0.0732935478904455,1.0405485183547374,-0.22805452714631855,-0.39591799504574304,0.006454867649144297
-2.0993522567895804,-1.236223867295397,0.10727545648639022,-0.018176194489450154,0.8260804982742177,-0.2777907635615779,0.568115607343072,0.39592723758240955,0.08751016230561985,-0.18688329963782285,-0.12025971335584304,-0.025965504050273203,0.23038020939642306
0.8790503692478553,-0.7632996543907167,0.13611818327511466,-0.25743738730409493,-0.41329484224634355,1.2837013592605757,-0.2129091214589076,-0.5505948194402597,0.7826828180130802,-0.2355798656625418,-0.38927495049300864,-0.2388172135415938,0.020790384854657618
1.3251276974261263,1.7888448065147824,-1.3616806266835924,-0.21312877822410084,-0.39026213539806875,0.9023354507585575,-0.7625030341310894,0.013911614790503263,0.04790841469069511,0.19017668804763788,-0.5192518571938745,-0.09059314628918702,-0.02507922689649414
-1.5844166036789424,-0.1366981010301463,1.051249009236841,0.8649738929538411,-1.31357127921201,1.4899780033894405,-0.5078079626406868,-0.6533819235679067,-0.7237779491272714,0.12696354055258624,0.5020993935176449,-0.3194416890987375,-0.054242976974108154
1.0967460006024534,0.37201308565997204,1.3544403099274964,-0.89857683213616,0.007761700930477233,-0.14293592525972304,-0.5798820770144384,-0.511155119042433,-0.8243430993322439,-0.3610887328012929,-0.0930871238513113,0.2274954275463208,-0.7425789990866662
-0.17131632336846842,-3.09976321314715,0.09490836009076345,-0.7298233163382881,-0.8910757536454322,-0.8573692515211773,0.8404716270475272,0.11927439135783816,-0.12221470943876507,0.2571330699783456,-0.082157135550017,-0.26000895268802376,0.22103597527596802
-1.102257991393401,0.7536766759304349,0.10742654575823955,1.0859419935991028,1.1775315584179276,1.2824590643554359,-0.5582524784710106,-0.4870618568851759,-0.5283922491694579,-0.2356249900280542,0.20155960833029385,-0.25527653842088915,0.00854057912530469
-0.5614573728829133,-0.5461695794389428,-0.5735337814886132,0.14449328472754724,1.7010368026091087,-0.10237475066780355,-0.852596346713437,0.7995324753234284,-0.5611771428594825,-0.07425822095426182,-0.4666587269975131,0.3537001265092957,0.5505814394806221
0.4557177806795082,2.1307186453337597,-0.6508677892392338,0.444613001632495,-0.6646028766543567,0.5467811742203672,-0.9143465318640631,0.14212573776208046,-0.05087754132707829,0.5699180947323867,-0.17025535276267864,0.5813573778388309,-0.4791065557493466
0.13355651271601063,-0.06160562543938977,0.32911866657211386,0.27822920146369245,-0.3247813299499203,-0.2470049017202121,-0.788438754085508,1.1320110352169326,0.6103385293617458,-0.7055817901823971,-0.04052562421135661,-0.14179804269650792,-0.5799523270100696
2.058412863428885,0.09701386140024579,0.4880925019548014,-0.3710867619053752,0.1797585903854486,0.09356872294727986,-0.46785298201509956,-0.20428455428403489,-0.0889757027918356,0.24391312878475346,-0.6608077380079314,0.8177451662680176,0.3514475311390963
2.0753305231059853,0.24504026465811315,0.8390889960120553,-0.22797272951804007,0.20751258252788563,-0.6461346060080688,-0.4535082211818245,-0.2732523578135354,-0.5104122451161819,-0.5471262958518208,-0.21690695734622809,0.2413436413204817,-0.6881975723207225
-0.5670051110728394,-2.6311217128685325,0.5570501260054483,-0.8761060677717794,-0.8370298346684106,-0.5910757623086924,0.7581084493028691,0.2168009022070139,-0.17487058630807012,0.166595183666436,-0.08516128473410844,-0.21196404577150002,0.19685924305714086
-1.7105380150841216,0.20727808979258056,-0.09804121502514362,0.34032620888416565,-0.9332086148331865,-1.4375188367401832,0.4477497178220304,-0.44594214583897673,0.11367749920866453,-0.07918529461583304,0.11237729895234617,0.5556422264394051,-0.1945216336630444
-1.3613075256148686,0.5076354099521982,-1.1561335932192724,-1.1496082583475677,-0.6153333309050174,-0.8355365406817821,-1.222258536128698,0.11202646417437653,0.26924628839312853,-0.16410938955614623,-0.014303749024763529,0.3472346652880719,-0.051062255447272636
-0.5401068579218968,0.3371528214037374,0.7305195717686221,0.7846386151833633,-1.071211592804848,0.3864915268124885,-0.5553296289605685,-0.35365975074570766,0.6639389645366394,0.15454816754062944,-0.37377785661408613,1.2054119867850281,0.4436492400878408
-2.7487675235523934,-0.018591024873039735,-0.07829689323238176,1.2406953694512877,0.9712070875622804,-1.0102113038436011,0.41148753609132754,-0.5935247266389236,0.5291920785832471,-0.17539996347979775,-0.009578817781162735,-1.1251182041811647,-0.12647419149247854
1.462090516438896,-0.626026327200551,1.6845620801920946,-0.9580027734929275,0.4322676221352707,-0.4524141286639772,-0.7525578633462486,0.48380952444383374,-0.2645577049322503,0.20290776910141706,-0.03532555461621373,0.1617595086694429,0.46828257026864706
-0.8504081876323213,2.624008161396295,0.023029428430561633,1.2299872220619934,0.9851879618786211,0.42022821675056576,-0.9154836518312699,-0.5495393411614944,-0.22964004775986147,-0.4770018663924677,0.6617228262473781,-0.2491195189167768,0.357614806666975
0.2951167921650517,0.4216487553461463,1.4149225373743008,0.7319311005069908,-0.10666020298851603,0.9965875788835941,-0.5289552244755398,-0.15047204867246966,-0.261587972480425,0.6410664270952715,-0.28581314361098153,0.5818117640936801,-0.09298223440465123
0.6164669067180655,2.034249851028914,-1.0129522671190498,-0.10368155086024358,-0.4763162643217079,0.12574717402717822,0.5290735725755071,0.4632183787455314,-0.6703482755256791,-0.5573347991462447,-0.3699738826007797,-0.35243798023101736,-0.31643948075645423
-0.4752307811605629,-0.8066727965420659,-0.20183992780383636,-0.7467881669431677,0.7905707017420528,1.1586467940479805,0.6636541785502819,1.04626733169238,0.9665737500124671,0.5303986254969313,-0.12215310886825956,-0.23901328146540718,-0.06149120833941149
1.1130916623333182,-1.6942806806996378,-0.41830932735076237,1.1700362957185368,-0.543633639609013,0.5018472847537642,-0.24692357153852734,-0.5230751214627178,-0.38415994781268137,1.023805330315521,-0.11881691480406686,0.1119558528371265,-0.2780063946392717
-1.3110556437075176,-0.5950753116682441,1.2143712033911196,-0.965533381137482,-1.0111018876611721,-0.4689141017156579,0.41150343767103986,0.16876678982259133,0.0299459301847627,0.20812872116283576,0.25909197377125626,-0.48212579262547145,-0.6137007702732921
-0.7330953332765191,3.3364629301471176,-1.4702641716713303,-0.6288553511794133,-0.23134101804270052,0.6340074054054885,0.17142567630431518,-0.3386472640132183,-0.05090928613297481,0.8058704213247885,-0.37213662346233023,0.10675899317292237,0.18853189642281215
0.6013150702086894,-0.4631812635911635,0.7463437381950222,0.3231807766304681,-0.23817981931922128,0.728386036608577,1.0398618375129793,-0.02193695156211875,0.1171240499821035,0.777807929180764,-0.18832250105271378,0.45854387759146287,0.09341573895110536
2.4038012225143683,-0.9401946305357606,-0.6759736113212254,0.11405086941318887,1.0229873661425875,0.06652018345806238,-0.19066564786860746,-0.7864924639260842,-0.196438859390971,-0.31905977898325316,0.5136205265376043,-0.5830592638404688,0.5724287977514488
0.19189881795593933,-0.9871959681968862,-0.09678121745290463,1.5939450030306357,-0.15283212202334212,0.02787542441548546,-0.7194802845273081,1.3841429889159031,-0.6478960100910747,0.032195547723602,-0.11578400778482276,-0.4358192478053698,-0.42922479664027324
1.1337868414944938,0.15609477463864416,-1.4286902770829348,-0.6667389678133009,0.38019382310332117,-0.8344654307863648,0.7509624997604856,-0.40660706374816036,-0.6418144963968169,0.12704662698167035,-0.00960718369479227,0.09640607886316954,-0.6255137162500428
2.41087371133914,0.4304202595453226,0.5796728565674982,-0.23024737265975645,0.5027866733483558,-0.2336348889541306,0.9254943293974962,0.21943546123104649,-0.20780462886031076,-0.12121660630395473,0.6990586456073992,0.08458401832703089,0.16141946894090342
-0.7523161042331268,-0.20031040887017956,-0.2261761588447178,0.07935373088293626,0.35202982568057994,-0.29035508073449706,-1.0278199234354102,0.714669480686857,-0.8170519860055151,0.0568097580407686,-0.2981638271638414,0.09528264352448856,0.16421505807836934
-1.9303251655851006,-1.1699848304513558,-0.6647558046003166,-0.7155992250825096,-0.6601656522759984,-0.6663392045208336,0.3922547319372072,0.10060356594106004,-0.1112825135540922,0.3069875588314239,0.05706628800224886,-0.04428090995432099,0.10643191587208878
0.3581524800307392,-0.06562464150710393,0.6083240738126627,-0.11732069377698195,0.5029111310234885,-0.32393963273840015,-0.7906535047787733,0.08951617589473551,1.4214113415767031,0.3372551100362464,-0.15825247938886858,-0.0833552848937219,-0.22696649898540502
1.8803542772699333,-1.5574453140374176,-0.01288481762221369,-0.07300303732334727,0.27889045065979523,-1.1220616397926124,0.7637578214085763,0.8656243359010073,-0.41859590178735856,0.2977905543727313,-0.1956863976698053,-0.6716349158127979,-0.32850749674663227
0.3041887961367906,0.4807984266484977,-0.6032982321633633,-0.05308084416578915,0.1989735758572797,0.3052320963940815,0.7930907143145116,-0.31592298584487044,0.2825444954820425,0.740257092024853,-0.0586634137466355,0.33795094038628526,-0.22473354327363784
-0.2312591416775998,-0.897695753525963,-0.10235781398479288,0.29324113023224635,0.026423878830605818,-0.15954762877746947,0.8820027087339912,-0.6051034267826455,-0.8860160273575838,0.6661204266522811,0.2809463848155588,0.4984997680671722,0.3399842450831424
-0.39167098425090946,0.006097710501082085,-0.4837805220382418,-1.0778038887144903,-1.1180036747404904,-0.4884279234061471,-0.9978754392922469,0.19897855713694065,0.2510052201254854,-0.6155353265131112,-0.4090728171417499,-0.3924057388582248,0.38230962193218565
0.8379141287424619,-0.540240395767784,1.5696208627580466,-0.11824799792399851,-0.29218968311764587,0.4190749148296635,1.0586963556292237,-0.577546121010878,-0.028181480713285245,0.16821646646235572,-0.754295115789396,-0.06124073387858098,0.8829069156330613
-2.3169500902322784,-1.1931192907846038,-0.3026090967220955,-0.09049865625111629,1.571707770378894,-0.6221323014847033,0.5459349434530905,-0.043394376130274165,0.23314861941219595,-0.1353349899598691,-0.09455715356468095,-0.027308473797669763,0.2490787248143123
1.3535679504388016,1.6414687687231198,-0.30890006798425135,0.0367882571567445,-0.3127648546129021,0.47732480419274304,-0.6972291481897133,-0.3624199546407554,0.13908514774641428,0.32352010485707794,-0.5976320128812306,0.08219930505807849,0.24030143832659126
-0.9361184958804558,-2.0809079876157583,-0.24745362198419502,0.55220360251737,-0.19068761918333504,-0.4346157097353495,-0.6153364901265308,-0.0003140136350105738,0.24451215935489695,0.019506087003583444,0.22566417174560283,-0.43784381974175274,-0.5313030061434935
-2.515191984415855,0.15361323256954562,0.23608016558939213,-0.969909428481381,0.6721207042477816,-0.2915779143714145,0.26008004820597713,0.2824556155619344,0.10061409235232004,-0.19419373105700904,-0.06960022729908277,0.12250478922591712,0.1192817206866163
-0.5765380249229464,-0.6040972416683049,1.4876562922307086,0.050586389717640026,-0.2883696827363766,1.6779424035689627,1.054769707735748,0.17814033014167216,0.4360798891813726,0.17801943668142434,-0.08194766638653436,0.27108909509433843,-0.30584742950739985
0.2124436071264042,0.5748926688737963,1.4437958485530105,-0.281599466669818,0.034859231840995264,0.11763917519299882,0.33217167108618356,0.7961286228969683,0.0022673975876056213,1.1242882527770908,-0.2528095276199207,-0.3812992753268534,-0.13258872621904746
-2.3795326237861225,1.252846820844217,1.5545727462707735,-1.6767127036822542,-1.10984342900676,-0.03716698341464242,-0.052280554201761115,0.5720789415225972,-0.918080690645211,0.33077595190749076,-0.010928105320884313,0.12256928129300804,0.07524082074323726
-0.4051341514381244,-0.6617145735078176,1.802259793574529,-1.2547522563651192,-0.6273267328976209,1.2770585730411526,-0.4269642352595337,-1.0460682658451366,0.3811322832567367,0.35294009956069217,0.06385538673787029,0.37019413054377726,-0.47723915918474513
-0.08822032241247518,1.5765967531878913,0.6185027820212283,1.0382356419665488,-0.7574794693272447,0.8717291604964832,-0.7631168524081706,-0.3918155633484006,-0.23031247270169847,0.33528552214021357,-0.4295371880044966,-0.23659050831624034,-0.06322108214259434
-0.7883378581567939,0.32679280508515907,-0.8378223465645294,0.7956192692078645,1.3293793147909705,-0.24134434416205258,-0.8190059824882654,0.9674445293786986,0.9192696794723216,-0.6886704264258892,-0.09553293757626358,0.1858645487865399,-0.23601134088446415
-2.5170045909174017,-1.2416848864340706,-1.3651190831099802,0.23761109562107097,-0.05953805171658477,-0.4810575602588129,-0.9517550509678969,-0.18736180303069758,0.010030801105799278,0.10785981524714727,0.09372270109155487,0.12231287286028902,0.06940538907066915
-0.4096246113385727,0.08880051743368138,-1.398331303648144,0.6795696419855677,1.5333022065236799,0.05045936483280228,0.6679504303940176,0.8065409932243269,-0.5259851908287996,-0.0872082017762408,0.01524202837163291,0.07268279428612479,-0.5505463738471783
1.9486976010889179,-0.6753017469182006,-0.4232964862443593,-0.04944604537129102,1.2520280522716165,-0.4725191245398303,1.0985048401222521,0.09250953901215078,-0.4983420067000302,-0.3625002872553296,-0.24383069938580113,0.03656689310600347,-0.47683105570965334
-0.5645073698238949,3.0479852892695165,0.0066047885331614875,0.01024877676470451,-1.0969538318854322,0.5138136984690675,0.23536813614433263,-0.26781307448776115,-0.23691279421161104,0.6602592265864462,-0.34264190895541624,-0.23475624284381513,-0.10948659426309729
-1.797932311941556,-0.7078916774353208,-0.18915358839678004,-0.897402580731141,0.05149542272698293,0.20273542548322832,0.4427404353318077,0.8796547572147082,-0.04585155095764333,-0.2089502628038023,-0.11397207830400208,0.07627335445438688,0.1699953742205496
-0.2360579761808505,1.145438711559194,-0.24754290089115755,-0.6116224296337889,-0.1115220641144859,0.3078431763672712,0.5370815426079041,-1.153865398417794,-0.2936684429090321,0.9383251703336299,-0.291429341579331,-0.4590776770724974,0.008258133760940034
1.555979269066676,0.44716001291398266,0.23584443118454332,-0.41142941862653254,-0.06617254904486036,-0.045803918064365845,0.9612891525654801,0.21147225892306984,0.7872866187185945,-0.6184946017996977,0.8790991238707576,0.2824057269814616,0.05375045177141145
-1.2359815411075084,0.3074164598024445,0.21914808725456772,0.35921819866942917,-1.3527307497106853,-1.3778607084028802,0.0910631366112345,0.42695822205284295,-1.0180856909027198,0.7533414682093484,-0.12212439977721523,-0.12407195855889414,0.07457169487153567
0.12257357374287067,-2.132726977518708,-0.14879908833693573,-1.4512167908283216,-0.39042744591552164,0.7543644865762298,1.177000937730511,0.058459700619566374,-0.4213509347810585,-0.5655866743259305,-0.17641493024147428,0.5146674342697831,0.07009392005361685
0.20972426306458095,0.23747723918723088,-0.435465247061993,-0.012681254481562876,-1.029514110430432,-0.229553006413248,0.877309778782076,-0.32128373648879205,0.2172306401824523,-0.7819976164454944,-0.1618214211345345,-0.43189364812478515,-0.3570006889038231
2.044991984923705,1.6910071231154837,0.11175166858804866,-1.3877834512339642,-0.1053645112675326,-0.5459272372317892,0.5606015772446855,-0.4518585245623806,0.1593343802719192,0.7621721180062855,-0.270679011954716,0.342994469659905,-0.3852596370948922
-1.8397012250276794,1.8100211866583513,1.9634417128888797,0.2951554600438848,-0.9583098512867747,-0.12161413390378628,0.10354987185017334,0.8620051732440478,0.9123073760377809,0.5558307463792564,-0.4043844000456168,0.601217001910893,0.6046047501625406
1.5889715018581525,1.2393071821682677,-1.043695915519955,-0.5934755513517032,-0.1725474504776648,0.33949343606948373,-0.7320955522859174,0.13162089843198385,-0.3507367661725346,-0.03362727151304945,0.8897367755131617,0.3774167030031361,-0.01612922367066902
2.037707931380466,0.7789062718820441,0.8018523699321927,-0.21317739999495214,0.18798274249549474,-0.2614059068284051,0.8220353396331237,-0.14966499942181477,0.12383933011118835,0.58324724138651,-0.36243169960955934,0.23608917055092316,-0.2840970252718773
1.363667106959024,0.7362853382774122,0.23212236803136396,0.027218546247152114,-0.3847680504309479,-0.36033885700920026,0.7166714865140922,-0.37961367602000273,-0.04023375278804282,0.9194168057133598,-0.21283152732650287,0.20435398913424685,-0.3371700674086321
0.5371807448030969,-0.31186336316674834,-0.36554281615775414,1.26344036135885,-1.1269827615551455,-0.13739933468066118,0.8504591815368634,-0.8617089763082562,-0.3193832473075956,1.0745216806733728,-0.32667438110630265,-0.6474843209997472,0.07227680693349964
1.023002567249021,0.6951459876084601,0.2543366342060277,0.48567223654541175,-0.3181958952542909,-0.36012766881733754,0.8131857297311078,-0.0655335409914942,-0.6875437428909473,-0.48644071688529494,-0.4071792829468648,-0.5722066165244895,-0.24935583419177734
0.9712843620084568,0.5530155371704404,-0.16277694723099562,0.141343661996854,-0.566644992612692,0.28523815782857453,0.7672035417058978,-0.5014058633859625,-0.18805239550502084,0.7096660782098387,-0.4455330289898386,-0.4928121423473256,0.07220062772855801
-0.26319289861767486,0.8350763397413618,-1.2892053761513242,0.23547594740191663,-0.8643556793554816,0.378597900063692,0.7480654954973653,0.8146847823180511,0.18565066954950904,-0.715437662305815,0.086907865743258,0.40606266257355406,-0.7392831722794038
-3.7910654168370272,-1.1702394000096126,2.652433587231833,-0.9545352690575544,2.2276629119657576,1.635689286317419,0.5828158580067211,-0.37929164337794985,-0.948893853146882,-0.02235231046668229,-0.037814234898067844,-1.3018334822078228,0.11613506236995737
-1.6206871312365454,-0.4641974099523346,-0.27649785940318794,0.3801708846170979,1.8773438384428962,0.4185219137359321,-0.7980623794448143,-0.18396437222496861,1.2457105044291932,0.4851296704707615,-0.01617862616889143,-0.11299571317667134,-0.1474877406096541
2.3274509585273417,-1.7615655083827177,0.3652452581035047,0.3087201507406109,0.26065773613134524,0.9763221423214172,0.14151718553194614,-0.3261918353960641,1.079274148919057,-0.5639845672944853,-0.6022500759177486,-0.31927081271386154,0.15816785541090406
0.9775662785625858,1.475987207325111,-0.014359597589877648,0.9098118310136483,-0.14436824709238782,0.7503474253264056,0.7478103614286504,0.3998031165517367,0.010771148065721034,0.19151811967946175,-0.6154589791814209,-0.3343773413076839,0.10844275742281949
0.5429684724313688,0.06812288680314951,-0.3780613025942228,-0.026424747972908794,0.635621706692011,-1.1049573109755062,-0.9803287111581018,0.6449644638931376,-0.4191125825474897,-0.14017912241970343,-0.43167833430188585,0.13813864769369488,0.17884233937407545
-0.835938257582749,-1.0126814204206234,-1.0169045458427841,-0.16021854431500016,0.14163876374768647,-0.33282623995261523,0.5790870200304243,1.0841358371696062,0.24186619210710197,-0.3085738135296599,-0.2088923031843252,0.07214757522955473,0.2260571709505591
-1.9863419151054464,0.48890467133329085,0.7212504197819147,-0.6650149095432294,1.0150743769857833,0.09510885592462726,0.39207047571843995,0.11403187423084973,0.40924757525528316,-0.5870212065186724,-0.15187651999743687,-0.9893722301184509,-0.12729125591818405
0.9061079417970557,-0.21177327527743792,0.4949355769809816,0.6541150309536881,0.7894322260541206,0.20499731526523746,-0.42118188828692654,-0.48700213734183107,-0.4261891568743367,-0.01624727709898774,0.8763163566186151,0.13192817234440524,0.09952224231577281
2.0472903207861184,0.2046653521124461,0.08106225667371422,-0.14246353985860918,0.46532384965194684,-0.23834555112362515,0.9600094221347741,0.6012647111870021,-0.5475394249254383,-0.512598833798104,-0.2823291710155611,0.14007990750761834,-0.5494162334339858
2.153078803752381,0.3640966591966258,-0.5244206445652075,-0.7282406255847615,0.335890543093329,-0.31026024075498787,0.8800080156324968,0.4847737399136244,-0.5511165894889295,-0.39180072555689577,-0.23320565048527556,0.1723250509287403,-0.5789368436589291
2.827565781818543,-0.901738117778416,0.5189180264805147,-0.4249856916557762,0.41795359602020643,-0.5669943387838661,1.172297017463978,-0.24927765895372425,-0.2178386083178082,0.23804887153817555,0.24603105840574363,0.09471878145535251,-0.2577775825808397
0.3588578784811448,1.3872598964789682,-1.0866249737597382,0.07691663618404637,0.24319579380253487,-0.2717807654899102,0.621607074326354,-0.1809311390337338,-0.6124454643938808,-0.40303895632567216,-0.32360186586418027,-0.4569598342189549,-0.2699821253327057
-0.33756687670585267,0.6480052845346669,-1.8952346348281355,1.729857309688906,-0.07342573281575904,0.8600562052658185,0.7585237136588481,0.07071930613732305,-0.14427139013228674,0.8395663052660927,-0.4457507552596425,-0.178014676193618,0.40638082027428457
-0.9149404235828007,-1.8254078653995578,-0.10528122040919907,-0.07306758288675971,1.981525115640109,0.0518103291570971,-0.5752086230302121,-0.7656523160570934,1.1979438387549535,0.7026154877632047,0.0021400792739485197,-0.2899974948900432,-0.09429078081064365
1.1882810756908975,0.4012435598693771,-1.5330928796509082,-0.34665504218613247,-0.26626308114477715,-0.14301380387241275,-1.0510576354807866,0.9924531208748032,-0.14259078452799567,0.5337711343054876,0.9233874929405593,-0.2833215290239171,0.1922647232595443
0.29761115042176817,-0.31176793343934794,0.7406627748567947,1.2273154411915996,0.8917139179412247,-0.8934818614834048,-0.8081942320224615,0.9374126011613104,-0.42519930262287603,-0.38289237068470144,-0.5293162827231263,0.07213232724049112,0.24509681895528576
-0.15338596508498697,-0.17490975176210546,-0.16642335796082758,0.3978097243341442,0.2838999920976477,-0.2718734628641109,0.5580957923137846,0.6137311430271012,1.2955218094455894,0.6411638092886842,-0.11527320881209899,-0.24265549774170975,-0.13584600577818864
-1.9384852785001039,-1.1639307030077313,-0.2332061005758534,-1.0937926000480664,0.10811597443350673,0.9148623619734828,-0.8555566777257559,0.721183894575736,-0.17724496100133108,-0.38442170520742697,-0.0804180773756265,0.21032784192505571,0.1165946619714965
0.7201640393665016,-1.8148975806350864,0.05089456469118819,-0.982648777190851,-0.5465049965220807,-0.7537767235037627,-0.6169871391483208,0.03377469454176965,0.3986659380519566,-0.12278633358724472,0.11453713452066713,-0.3811974494993617,-0.5664633502804565
-1.1193960782197903,1.0505603948422828,-0.05922752103554535,-0.4802976949353147,-1.161072780016867,-0.5526280051098669,0.2084799407045984,0.8019284731922672,0.2608144458519443,-0.5995105758553454,-0.44606336161535565,-0.45184981553029263,0.42262368918849635
-0.6426607730051443,-0.3192676805311846,-0.47318320441959644,-0.10233356516551845,-0.0010796811470419332,-0.19839881912159324,0.8993425358476888,-0.07641317527900762,0.058874642375992145,-0.5657840422216713,-0.24107022843901096,0.9260263112220134,0.26497078378186156
1.7383576903153832,-0.43806735522125584,0.41517208270925776,0.19303658787360573,0.4622581890688665,0.13139721772451446,1.0996162787698003,1.2301325767439169,1.0844626566810411,-0.6589423631798471,0.33536025769258926,0.3450330870137064,-0.33002746589428056
-1.1507408277380222,-0.017720691675073563,-0.1833757856516307,-2.7382658636833326,-1.2476916816903645,-0.3807509972167787,0.22970564236765806,-0.15891280516352954,-0.059134837928576725,0.06295549161066163,-0.31220449053269417,-0.3440668905121013,0.6645276487788573
-1.7278302841193565,-0.5564428889221914,-0.8370073812106857,0.824206102712788,-1.006868039970111,0.12974572474174784,-0.9404061936612431,-0.5806714567917692,0.8524491891155381,0.9107632849970528,-0.044169367098536305,-0.8903355812457472,0.07171784862780278
1.0620811282071416,-1.1352757493039836,0.5339455286767689,0.2750524149830047,-0.8470518583433799,-1.0449702320410288,-0.4607964408912768,-0.7305952888678392,0.7685196598889841,0.01910308201549446,1.20039089471709,0.08397914797298822,-0.09919623243821604
1.0982157906412118,0.7604547856102105,0.6866833350481467,1.1074571601868861,0.014472785912167052,0.21182436301626484,0.8493570312413161,0.31722347405717677,0.04157543100661036,0.690515882132875,-0.3954194199226626,0.4827171931788593,0.006887060024390823
2.14967241908906,-0.6769987970505729,1.5962000321137944,-0.8825320150214873,0.4456146558627033,-0.01453310969030358,-0.24257854458140488,-0.8071961079692948,-0.7085678815201869,-0.7949963758260052,-0.49757347636460747,-0.5645837817559276,-0.23768094779586976
-2.478486998851995,0.8174694204006044,-1.3895992096571061,-0.4949444285773137,1.4674422699229357,-0.7577146953594467,0.019581646521439483,0.12218280811908586,-0.7272953227942929,0.6800573202561324,-0.17080759346858795,0.27243827296815926,0.4596253090292449
-2.3317623963761545,-0.431571472888741,0.06405291440635957,-0.23974861788626012,-0.19343048736746443,0.3393654168142137,0.4004774674790515,0.7068200845953377,0.014773684174608379,0.06351569274453087,0.26536533940307694,-0.395643280034731,-0.5418599362881275
-0.07939278723120213,0.08210052507692751,-0.5229218526413333,-0.17801450355875348,1.2418203779904182,-1.8527402756987328,0.3300704021849146,0.1350712808957649,-0.3298945437410861,0.4139648777916086,-0.40971058375457725,0.17591273519902317,0.5196955779703529
-3.582834898378903,2.0552200760170045,-0.5910496188330268,-2.459033761127325,1.2431773445554368,0.5457478890808967,-0.10495560629815726,-0.31758472055843656,0.2307386574558839,-0.26988512907122014,0.0919818717496387,-0.7914289740405264,-0.2651555411824926
0.8170228165221454,-1.5973880266302993,-0.9536364182832435,-0.11324618248546961,-0.6256552727990394,0.9124466153299036,-0.20560862525382473,-0.11570654684258971,0.5595708114630665,0.0904370833944928,-0.36240246847266,0.8524095011035541,0.3304556776642683
-2.6526919563441056,-2.111460272866492,1.6360380866039888,-1.5364656532379186,-0.9727650715130507,1.3132896819937832,-0.8800874233033926,0.11901603230304666,-1.5109203592310216,0.5198155429552545,0.10877276138695438,-0.08158568379364584,0.17527471682846804
-0.5787517570396061,1.33645608034149,0.09855377473521709,-0.060143864176217726,0.5098807262227344,0.9024847044325714,0.8073659596990093,0.48883851082256613,0.70608023411789,-0.4410463818875321,0.4216443199423624,0.8241637656812834,-0.15865616792499668
1.5024743561227751,0.18501006671029302,0.38129850645972263,-0.569394181733399,-0.20957679468612816,0.1437884522177159,1.028085524184823,-0.3049285285631943,0.7096294913083654,-0.7900044634079031,0.6367321059314766,-0.45859383146103383,0.4484401949216169
-3.6629657218423777,1.4688607100290645,2.8715163757151845,-1.3062181406163749,0.32161684470481444,-0.5839500560264417,-0.04557424759585635,-1.0107289016687626,-0.7165467853862805,0.25970484231231694,-0.285079571246051,-0.41297620397256846,0.7480389431188431
-1.3570349782919877,-1.9470498387557065,-0.6796345593487907,-0.8628044549485585,-0.07967165726673675,0.25673415702160746,-0.7374966447408715,0.3208217692949429,-0.10318008941595554,-0.16040580527588905,-0.05019690635354071,0.10089217708784204,0.1359546641080212
2.3588421101573283,-0.27992874963679704,-0.012636650787725329,0.04584918359394058,0.19771589785783028,-0.036589798330568024,-0.3686246520294895,-0.17581769518079804,-0.2988864020136896,-0.08064175004442181,0.7926403735451192,0.168014186794603,0.09258878838927728
1.0948574609438269,0.15962333377976437,-0.21253101459804197,1.3088978732109735,-0.07569228544331597,0.5415254859129617,-0.3740690882842825,0.3842997998426383,-0.6891629625881336,-0.9016817723588433,-0.4753421657532497,-0.4044470243536485,-0.2364414091499137
0.3247434074991211,-0.19280061834994675,-0.5433163534344703,-0.14315399169108242,-0.6495163331495303,-0.16819723237081613,0.5134942432674474,0.8317046213309564,1.1684301238630206,0.7732417980165383,-0.08000947898291624,-0.22703559375832655,-0.18457790423712053
1.254348558718844,-1.1873665405707567,-1.5331473808916558,0.20852336048228393,0.780018601576174,-0.15894751022773929,-0.7302720307477542,0.7005286036446069,0.1543942750541208,0.8973754512644323,-0.5800760237063253,0.15847453506261588,0.6329427916683684
3.47924942436834,-0.031176431340379646,1.1023100320580672,-1.181077279206713,0.8649923723062215,-0.751478969267138,1.0417509261596911,-0.27601341694172843,-0.062457245923730656,-0.14405541715081596,0.6326776319181391,0.01951304453746283,0.18427099133629254
1.3850424605134009,1.1679486366632563,0.41844224108841993,-0.32265714779740823,0.1234331517388767,-0.6245536292025071,0.7000470501892264,0.5664337767048212,-0.6833476406445009,-0.6551014122736867,-0.5481525333220805,0.6804555715408621,0.03392899146311841
1.891188755673939,-0.5977418931749663,0.11310339003711506,-0.08370715896873218,-0.3266835806613317,0.3576930429236172,-0.177294009803028,-0.7692098284144193,1.1197974480342863,-0.32047738213467236,-0.476522225974207,-0.23403847038513914,0.01979435044117736
0.29739153487781433,0.4572960641793127,0.34135209716937687,-0.26659520935928266,-0.5539109699954535,0.7339243981001929,0.9021592726280396,-0.1327072741939306,0.440812427277735,-0.6635888824604476,0.7472884558589471,-0.43704373866522567,0.4091229830601131
-1.8910907754487307,-1.1480077259173425,1.3877585245270145,1.0142148741512667,-0.7225146838845394,0.684474211016878,-0.8052903313843136,1.120387308891217,-0.9115268755477108,-0.09635257730024999,-0.15907216584454817,0.06039986054189661,0.23552080184782473
-1.7685994586441431,-0.5088276994432122,-1.299789649548453,0.23643583310492866,-0.7621565392320933,-0.20415984523873149,0.339318879856275,0.24402528135527435,0.41771503727942716,0.8049412996587961,1.3543793906496493,-0.4700846073856671,0.15230118154172512
0.47390533183027805,-2.4764355144612096,0.38392023640181216,-1.1640275189054767,-0.7410780162690952,-1.0647658986714073,-0.590503087822513,-0.25095309850928194,0.12564239156410767,-0.0993008443052929,-0.1405603307433593,-0.025400229530185947,0.10832535615417822
0.31462034594924215,-0.24043762445286584,0.4505146163616413,-1.002839685510942,-0.18689789653705918,1.2545465383584733,0.9924527184896983,0.04061544266255376,0.6997522117296981,0.3422154141326157,-0.15567785816631632,0.6004572227839772,-0.05826763099342461
1.079871559708584,0.5761657996180599,0.5021711001348186,1.06531525679964,-0.14047646503060124,0.05997661265186921,-0.5614995397195657,0.295417770734126,-0.5174536584550968,-0.36140212978094416,0.49773512520584007,0.7036335540245765,0.7176780468739523
-0.49811703438729965,1.8858032728770542,1.3237864147525737,0.053620595098272744,-0.7952451449302307,-0.9036744563637769,0.20368167629568995,0.7877012447155816,1.0306028192591339,0.053019497954659656,0.5179622739986474,-0.04758867639831299,-0.4057180579750087
2.1540421608703313,0.2602973889406514,0.5077215576458498,0.6120617168212705,0.5477470196595849,0.3297089904750103,-0.35087869295286206,0.3479628394264026,-0.1637985719157815,-0.2935085365520142,0.6244920146814115,0.4955878728758384,0.38924823152030263
-1.2217264117083295,0.06025354898738723,-0.7761474889964874,-0.38034073645961236,-1.2121909206113204,0.6711129756618845,-1.0744574005416905,0.7687809408329659,0.6594934316593029,0.6380456344350394,-0.20947328565885784,0.42975618408656124,0.34146041553157336
0.3423283382910206,-0.7279911684216581,-0.9723628483692,-0.060833125925931236,-0.4324582833517424,0.22040403365257122,0.615324730244152,1.4127252253243232,0.982946777032172,0.4570259878278916,-0.4553352196560637,0.2346571236347238,0.5656584746480642
1.9334353268257432,-0.49455574612429687,-0.9300382846488393,0.17386405169884575,-0.23354193769582787,0.303269948312131,-0.4064147158235874,-0.2954309242377069,-0.07435256846150458,0.7511580337479522,-0.22166778546438562,0.3020395263764918,-0.31375180338924347
-2.623337398283879,0.9655859137891841,0.29199054237472366,0.0843089327300163,1.0138386955896208,-1.7633821234418854,0.15391798617648478,-0.7863940703931753,0.697498702110139,0.2887132260415751,0.241456614158198,-0.10367135132611593,-0.35325720741790667
2.692378090330439,-0.09831315838953147,-0.46428026677452944,-0.5602742002150389,0.2785462998990974,0.23985668003982125,-0.39193347885793034,-0.21921394298781313,0.1243704736025149,0.45863181412423804,-0.3498400750394609,0.3709538413279685,-0.29802652755509296
1.7389955060539162,1.224894894929231,-0.5159913057843459,-0.8386799529745743,-0.20899294546449498,-0.42380609080758486,0.6168570067805546,-0.08364534636762297,-0.32376959427962887,0.26648220137479595,0.8923257617596849,0.16270435618721857,0.03820739229125443
0.9485724569507823,0.9320914568453986,-2.2753983807132903,0.2253825801104115,0.34960615127392125,0.9975837744309262,-0.626383059649801,-0.17957308792379323,0.04609671625935678,0.31179501607229576,-0.4744969674566616,-0.1669965279384712,0.06189708484736621
0.2179456578609579,1.205038357679626,1.074935224814223,-1.0747480083649323,-0.2145041854691772,-0.08542281731741841,-0.9846837206704286,0.6945330192976349,1.065768283634672,-0.14613486531360653,0.4025708529730362,0.3573007280635868,-0.13910444471833736
0.6535713610111153,-1.219798645799497,-1.5981956501879864,-0.7094342494916999,-1.2909534457180754,-0.4107866214916211,1.0223295321335417,-0.8525378209826141,0.04873125540742272,-0.30955419235258613,-0.030374394471898575,-0.5878881389358676,-0.32506534664886955
-1.4134836214965487,3.8646645880046564,-3.421903187925142,-2.993663634681754,-1.6184504949635947,1.0816941000486218,-0.4478208305550504,1.0907501725053113,0.9964032690401312,0.6960115418252324,-0.07482375453679321,-0.3510532975202845,-0.09422719351835987
-1.3142342847323651,0.9568713577810865,0.6286037250924383,-0.47310659330691807,-0.2846249857789484,-1.491627552808456,0.1763100458902157,0.2840510444748755,0.4287420358834333,-0.26858404617484805,-0.1568092507823615,0.1700152481016698,0.032617262236321
-2.1540400531806605,-1.0966471690779984,-0.9399171031270586,0.48172772276391024,-0.814099732384212,0.37066661488519775,0.7778270971220238,-0.3499372575198906,-1.2540494011229306,0.3361436664098898,0.09856896652619325,0.46807694557460644,0.08432310663249493
-3.390868388453011,0.4575189749042785,-1.6520702108806022,0.12970912062670115,0.6556815125674883,0.37980928865809443,0.5557399844000876,-0.8705404879488768,-0.12588485596931492,-0.04403860758850203,0.4602631310379576,0.2650279585330606,-0.7524459435505991
0.2731555917853127,0.7096890774016044,0.4593471492222267,-1.3615002717020914,-0.07118314584330299,-0.33167987281401873,-1.1539468753235633,0.9022440921814529,-0.7302386802743187,-0.15742813781193077,-0.39331010354327556,0.21521315257038165,0.09039284200542669
-0.06375231728063913,1.168416381543616,-1.129354059902061,-0.20978642956142424,1.5500411888175343,-0.9213875250271377,0.22768890883752474,0.8939692137258618,-0.15715802430967069,0.09372800629074118,-0.12207670839609025,-0.3319045251614588,-0.42048166695841227
-1.173258161572831,1.0107362295035995,-0.18752466133039264,-0.6340633665494841,1.2307243279768567,-0.4846281748573477,0.31492800638103097,0.7285825479640472,0.722682754893595,-0.49118456164245977,0.03372558867022232,-0.18609292474896127,-0.5178825128414587
-0.4089635862215671,0.45528770198371615,-1.0312255405922743,0.593039366799037,0.515131310380272,0.8311765335162775,-1.0377213778767904,1.037089731535706,0.07250121241204759,0.9827863492073459,-0.1776814817421509,-0.13650086580470228,-0.14553952805112405
2.0197721375919295,-1.3673468386812357,-0.6227113017105383,0.24902140913863546,0.276293962873286,-0.31561565328356017,-0.610504895853101,0.799820826289526,-0.05958720227805776,0.582284514296882,0.7482982516070873,-0.2547083208829774,0.6032266239338556
-1.4055382141280088,1.804880335750627,-1.896275896564086,1.253980756342128,1.9271835576943577,-0.023712540764258605,0.5085400872308381,0.561219297749166,-0.6281506399063294,-0.5728492359078294,-0.3791096638971386,0.7986248303527371,0.10326248214530338
0.8439895433702844,-0.9666356615937218,-0.3060609805243211,-0.01588817103213358,-0.34302843659376353,1.623218070277418,-0.15820050835081367,-0.22858348016664107,0.7518840536071384,-0.290260229825726,-0.406463756778785,-0.2277652760955971,0.05761463898504744
-0.20188475145366597,-1.0511845836398503,-1.692054301603766,0.26422315154849013,-1.2068228178308789,0.5431035485245228,1.0391145447415522,-0.039039329054129907,-0.09237930366378917,-0.52919062846962,-0.06262152610729058,-0.5273370191519638,-0.28185180136387045
1.3125206739272886,0.5198649158183457,-0.5320821156911346,0.10217316708538374,1.7660697590038228,-0.046808111937499286,-0.4901474797377836,-0.7856823190788381,0.37567911883586275,0.5489079678815074,-0.3644662042250203,0.6547315188684172,-0.004891323785208762
0.9049770712667506,-0.15302953643082365,0.4253333116145657,0.6339749041915757,0.13853885679072053,-0.654163228895831,-0.8462817041627604,1.3446948994782175,-0.49976822782249936,-0.38947517065076737,-0.5442223676229949,0.12602019652884977,0.20984235508440435
1.6596505366353103,0.48969452955680337,0.6022621985998011,0.6516393533261706,0.026688384542127408,0.25462080813967264,-0.48575406468289817,-0.12853530584501494,0.057019711296042816,0.39216649865354025,-0.33220910165691275,0.37620733774411086,-0.3406305190251746
0.576651832782983,1.305214540881838,-0.654059762489025,0.12125081397043344,0.2751758577309701,-0.4007678004498327,0.623791631575501,-0.41025076926489645,-0.3814187117735173,-0.04735403455846679,0.27677249822304606,0.16993608129912585,1.4085244621812143
1.4189530216452881,-0.10668210730800029,-0.2843338586200121,-1.495079730665497,-0.36455685992923825,-1.9683534248262362,0.30828934985314876,0.3106580517915858,-0.5320468461707372,0.4205875845220878,-0.35786066109665526,-0.08585369233070062,0.1661367265375297
1.656326282766875,-1.8008785856123162,-0.19051922754794576,0.8818011582460143,-0.5990012409783517,0.05966484363611363,-0.010741045877178279,-0.8101977494906673,0.5972693617629822,-0.6278295972190542,0.7254427734665057,-0.5446375954583833,0.45628872044142077
-3.0694724042191694,0.21111152638496788,0.8505140777507636,0.3753178263324545,-0.7775569274493339,0.586331742641225,-1.1683000350940813,0.009647867421366224,0.47043853634903926,0.7940489956297383,-0.08512324359578338,0.3307338740510598,0.3046395253594364
-0.42479377804047985,-0.43039342109259116,0.1717568716819265,0.7875079528155289,-1.1745571288134808,-1.8131449965134407,0.28761601591037195,0.344055927333475,-0.8620466686795563,0.7142490911442176,-0.19660572188386685,-0.20737891939581304,0.13824017882283068
-0.4803123810540882,1.2506815343866522,1.3613703784713524,0.9779831513783956,-1.3102749073306479,-0.7952784842741643,-0.6666777712142762,-0.6939783814852934,0.21856812690955557,-1.3111327353016944,-0.4978551913814626,0.21661005941924105,0.1525428696228298
-0.823404189042684,2.408981478643864,-1.026454129719045,-1.1836495029493823,-1.2739835264803137,0.41695997870865464,0.3979662376285953,0.06269716027300729,0.1398832249411362,-0.8542257890621108,-0.07678218780692617,-0.14548969410312412,-0.4997593706433552
-2.1494608736722776,-0.38519203326256124,0.5112159257046685,0.6670598138471564,0.719048393368518,-0.09132651854816587,0.7219490067975125,-0.11601922295740263,0.2002282346439252,-0.33048365433711424,0.29928625178122414,0.07762310303230135,-0.708436904525526
-2.3820715232872027,-0.4892656745279196,-0.044509938359820755,0.3720654579900552,-1.3198457762879348,-1.4300287742040656,-1.1365524811983048,-0.6436504374438776,0.012751092661673555,0.2877125720324164,0.14691532884215538,0.10028816817846742,-0.07833540336123931
-0.053632219189172825,-0.8101199121023549,-1.4905673951147527,0.44311584198102016,2.297716062987523,-1.0342191196669417,-0.7875343303086617,-0.08331229255873615,-0.11846863959276667,0.32065475718212455,-0.10765854073384373,-0.1683271963820156,-0.10632715552547892
-1.8175810539651,-1.8641683559070121,0.3100816894113334,0.4908654150331701,-0.5322822437638,-0.4848744198759846,0.8385958539816469,-0.32237982491264416,-0.23927766338195489,-0.032881738205139094,0.10381254862637998,0.3435592919955972,-0.04552407635818151
0.6816694751547878,0.5896437918187138,-0.2386176708112912,-1.553447110945922,0.4806031979040727,0.5368956831033196,-0.7221341258288028,-1.0621711884543066,-0.2083426690893735,0.861492061463516,-0.09073157821552483,0.3866779567997126,-0.40774917086108564
0.43027220415890965,0.9037405909750817,-0.5190843723634326,0.4868769769718508,2.511835781425049,-0.3252692459344177,0.8020945944862874,-0.7485809337300572,0.4248360914494021,0.7166037653332957,-0.3530614148788598,0.5144025267253712,0.08814224984732656
0.6361111603509468,0.02900844047749214,-0.2863437165091554,-1.0502658172444908,-0.3236197684821535,-0.7835085743439814,0.4953593061611042,0.9992268038268776,0.6328236759841993,-0.3355184940538943,-0.007782411218722529,-0.2851422529270163,-0.532826975228588
-2.0466171034492686,1.7123843278413715,-1.533217565914402,-2.174457762595899,0.2407626854411109,-0.5828196650360444,-0.05000466594991826,-0.05999483834281025,0.3418923052181745,-0.36586852080707516,-0.28789367192988036,-0.34851267824863047,0.3979091707591683
0.8336137842816405,0.8316147646921892,0.9033459811716298,-0.6432815672922658,1.7357380078321856,-0.6581001444119321,0.7934055267400875,-0.9325308038935215,-0.10840364266794118,0.20144053968354136,0.3519640396312759,0.24018162762066708,-0.33375182552448135
-2.246517854634002,0.9018513817282463,2.7903877898527596,-1.3289600275695248,-0.6926777891505105,0.846677536792396,0.16609083922786144,0.4459230681834526,-0.5165188765999351,0.8147075151411367,0.729895621518093,-0.26946255892231546,-0.27706568388606967
0.17832495218357072,2.342300585233146,0.33781441924192457,0.32933650797252706,-0.6938746084116246,-0.41146578727977307,0.4592456711253501,-0.026183109993325154,-0.6754541835230102,-0.4906569799915797,-0.3387062844301443,-0.4083943128194978,-0.3761554630448428
0.6766550706429522,0.8595127746902957,0.3634707949764484,1.6433948924372996,1.8522876838073707,0.45561920173878095,-0.4169712984703737,-0.308084166594091,-0.05136037057281791,-0.7918487513008117,0.44094429312380345,-0.40309420246677297,0.550335049306223
2.0354597044115934,-0.24134012752109088,0.5401132689456327,-1.2592449135571644,0.6343635033365663,0.29821970978785795,-0.6740544865991664,0.803138491573192,0.8187542826391712,0.5631729241132132,-0.3947142533910084,0.16137560299005294,0.23436534233235143
-2.1452519189521966,0.6364712580483436,0.027003113698511716,1.7874897939905634,0.8997258510304594,-1.192758012411762,-0.8676958711787646,-1.0039829928883954,0.8101123933828251,-0.23578486638319057,1.012338911408913,0.7123990343080145,0.5531258352189002
0.3008007315814424,3.140226553403226,2.408626964678934,-0.14526470176058642,0.9700164796980816,-1.4223378230977917,-0.026913727286354133,0.4989069764876508,0.29947322122414993,0.10965548671823477,0.7354402670573784,-0.29701319764582573,0.1516225520179134
-2.4303868515649767,0.4557035102097772,-0.14648615545710675,0.42663362087252377,1.7213657255781847,0.42445442705893216,0.3708085882604892,0.2399534946004654,1.160231701992088,0.6545614818071632,0.010734413492117484,-0.18392345479810918,-0.12537391593990058
1.8551846360154385,-0.23572114812313635,0.4461694803700305,0.8099473019843246,0.06086267949152235,0.26831326870017097,-0.354197978988635,-0.1826597578763146,0.012555173300639197,0.4652093927372387,-0.3291848630008444,0.29793963917598376,-0.29645738388597265
-3.191989612858905,-0.8550876559271213,-0.014379528978997663,-1.9099269644421146,1.1293691966607091,-0.1258869267537599,-1.0809136141240443,-1.0346401949527908,-0.11407986972745139,0.0862411285698943,0.14005040885254724,0.13508277468480434,0.04244212797876565
0.3889320327861773,-0.549089768048247,0.08874922976302785,-0.6553707182109034,-0.7834772607995815,-1.7605487289485364,0.5067566478026935,0.4071243042112287,0.5085807083446983,-0.04707632117869978,-0.28941006208470166,0.2821060770161655,0.3802050238093172
-2.7319327157720745,0.12626002028981093,-1.0781397584126475,0.4196668230979434,0.6013551374732641,0.034699778922115565,-0.6492510485756966,-1.896796046759021,0.11275307700625069,-0.3550466850961075,0.09915946235355645,-0.10184962058257163,-0.16156394476080047
-0.9782669668962904,-0.7016294288736453,-0.5440956462312949,1.3547294259500844,-1.3046466248718736,1.3895047938802054,1.010268090862211,-0.10612748616709936,0.4252503478117839,0.33590105673690185,-0.19606536482698925,-0.43619232825277754,0.0507321372439644
-1.5930364452012813,-0.27846773632514643,-2.678274448102627,0.3292151424933489,0.2688787858383169,0.15663807009985015,0.7821734410217887,0.08018092784906991,-0.03996152349014011,-0.47789375527255107,-0.04648077767031983,0.7416085580322292,0.013935102543941855
-1.3090643054381117,1.1353786231792855,0.6636525076289248,1.8599450730310132,-0.3809763999493296,-0.26201803676789964,0.7716103946693822,-0.18187294832198703,0.6968674947620155,-0.043617243286043494,0.556763215091447,0.6693961803384237,-0.2288270872993625
0.7088997744225127,-0.06442675591565389,0.3173654609578672,-0.29609623618730035,-0.8673094330642183,-0.8950900409338292,0.9333609692547997,-0.5547255029014764,0.20033653924779377,-1.0180728620857258,-0.5429390506849355,-0.029316232715953294,0.3317397709836297
1.4207687068549695,-0.023872105598432142,-0.19459802915103636,-0.1691650426360566,-0.11594836141433956,0.8230424289072329,-0.44557920465329676,-0.3524845668572899,-0.5605169310953728,-0.23813048494138161,0.6166254786183553,-0.4916292132794168,0.45470796001490366
-0.2953492727935894,1.4344164640808865,0.5629094190542783,1.051128684606204,-1.2033141530033742,-0.6778345066890366,0.5123733875232637,-0.4076597850881011,-0.5549038707014683,0.7184306839358741,0.5888424537463577,0.23819289087520978,-0.5236622645233681
1.4923192068041282,0.0648886347801503,-1.0714274563200612,-0.04273672030026668,-0.26210309071942817,-0.0896979648124065,0.8989866686551433,0.0924625263190815,-0.7234687312895186,-0.38114704766619384,-0.3872543791884254,-0.5786098112989629,-0.20162428635421417
-0.5017212231240631,2.9269315581795734,0.9480933667861624,0.6335993244977927,-1.112862776623178,-0.6421190307654838,-1.088514490322823,-0.38400106425646074,-0.8170890787001702,-0.8031324440048984,-0.5886263750810107,0.23633983527121194,0.14134263182406256
0.8801824101546201,-0.324526865516616,1.949304477787604,1.7013861378835038,1.4106049381321744,-0.19617573688761064,-0.6314978447181581,0.6277372013481962,0.5125035081955807,0.6321253194182439,-0.5248820957541739,-0.0709190010399191,0.23210931106913527
-0.3189418923259691,1.3911644494457833,-0.589913144873047,0.6612039837121555,-1.0701722563878915,0.06740051258262314,-1.2529402222503085,0.32105840056965995,0.06894054864380754,1.009181584565403,-0.34786015556468175,-0.8139443443232228,0.08091413407417397
1.8853045879063617,-1.1613449356359469,-0.36267459244895667,-0.23181890574876932,0.1994129845011201,-0.8117613470073877,-0.6813041109107731,0.7368177299848184,-0.3693099117259239,0.07097142934977929,-0.17512151651722488,-0.44151170557946734,-0.4342134004694679
-1.0171016450688035,0.6149656889818358,-0.7427046593633049,-0.9394498145855739,1.3491724086799644,-2.3800320018770535,0.2263990338538035,-0.6450052952768788,0.822545027324885,-0.1523432457894131,-0.13891800845085392,0.146151576926152,0.1058541481219169
-2.414090398083111,-0.8728263715594106,-0.3031527148771626,-0.9146246600228356,0.6216825051776883,-0.12478020670141787,0.4116594988079583,0.22277766002182112,-0.030920380717502208,-0.01490828345433623,-0.02492595852166124,0.02102713553603175,0.17215816813710172
-0.6002017232396704,-1.033167991788446,0.9039523049407256,0.1107760879218316,-1.0303528253872674,-1.3598602915864524,0.5405743696270267,0.3712978875901213,0.17350549634354778,-0.06705351356700837,-0.15834806143434824,-0.06616195153282856,0.11543407433304592
1.234021560674434,0.6374928985769479,-0.3054978806044745,0.5519237205446943,-0.3421749487136517,0.11106621646114306,-0.6126725281558592,-0.04110168184936355,-0.41879209482432683,0.04698878201842216,0.9056943966823787,0.25190861607420156,0.006078026980700285
-0.5772416480284728,0.488218657578798,0.7983908366918286,0.32872964186288267,-0.8591911501923752,0.48547242276033997,-0.515720884215279,-0.10786101289998731,-0.023834827658100924,-1.4305034876022336,-0.5243818478589201,0.22066449145115075,0.24845925162824148
2.7221231890191433,-0.4375513325073288,0.11858519813800887,-0.27685530437169675,0.08291345208739564,0.05433891566116894,-0.2920687299331129,-0.9108706516978465,0.11183107680525299,0.29285384234498346,-0.6068661728527348,-0.41284933189091705,0.0940109435880599
0.572442671702569,-1.5814635792629739,1.202100956355808,-2.800537685558365,0.32279832132891373,0.9250067108165709,-0.5888885791496073,0.5611593893178458,0.3853727391583489,-0.25410794545024784,0.17449414967911123,0.3140680343378518,0.4286064203619585
1.0540970595192836,-0.727613331448702,0.9919245562003702,-1.1799739307315495,-0.11705488289374905,0.6147511516711464,1.0857761542918163,-0.4304112894967078,0.7655473227001793,0.25253081913628234,-0.13202609958252873,0.2618078233411625,-0.31654855706944995
-1.8004984621972655,1.3065309957327929,1.8029600863151827,0.8608296324262972,1.033531704630633,-0.716230622863512,-1.0000740619814161,0.09912377429663058,0.7287530144210598,-1.1803766927050974,-0.6674119127476138,-0.06840289073459693,0.7211643773065713
1.2455361681016501,-0.3973457851172806,-0.9269421452733839,0.4683664664867116,0.7678404217531228,-0.12150076810012317,-0.3848663517201642,-0.07648044331108958,-0.5948663379516006,-0.3979293163481698,-0.12974143367119348,0.22645938966486756,-0.6049942364147036
0.09305553042069131,-1.0540851959975317,0.5889758903716793,-0.2768669407212628,0.010733582946928277,0.6536509843002571,0.7891253398339679,1.359434973915294,0.662146883119936,0.010825299255748877,0.4481263536200438,-0.2638879053921916,-0.15326333667512118
2.588325240065994,-0.6583902553786518,-0.5680118548423376,0.25947116700963063,0.27282143003655335,0.4984923759104619,-0.21637096476492262,-0.14168670339573386,-0.2996801805101108,-0.4350005422668503,0.4746214716027439,-0.5258837041859333,0.5475053725652838
0.713693692695359,0.09685663872412391,0.18678278835478096,-0.21341499601115452,-0.9069609655289017,-0.9505344623518359,0.9065760263212013,-0.5089030653581796,0.23435523420269339,-1.029612750289375,-0.5450592917603331,-0.008289108638331544,0.32388622716559035
-2.063062471431085,0.24357630382453646,-1.1857304868780283,0.0800655079282315,0.08403825441679935,0.6479431012765113,-0.6316357045425389,-1.1125745285473112,-0.0014675275141423222,-0.7062515901522478,0.0673296113592808,-0.27374318206608783,-0.42446698388779214
1.0345713183191925,1.5317844070123905,0.08364312329229553,0.20088586314876516,0.09143071108225342,-0.0782540965090674,0.6783376311081712,0.8286757685963669,-0.5892332750419029,-0.5327362152619406,-0.21936551061792844,0.2754003910320746,-0.643525149319152
2.2143883404187013,0.23662483530104592,-0.7808552593874467,-0.8339128254813029,-0.147089513508522,-0.10267249867914469,0.8508492096133042,-0.3307829343322407,-0.09055414605629271,0.37074752012655754,-0.8801811032141302,-0.001404842248935223,0.8027063464279376
1.6627244929996703,0.5594686369525594,-1.1912568434662276,0.1088246322217626,-0.15032129612294887,0.6994781284349044,0.8579675097127619,0.19536490704194695,-0.02559354712600688,0.4241275664554345,-0.5677771426538689,-0.39754366533610846,0.14697430854071927
3.235158013400656,-1.1421075386300932,-0.7768987824947176,-0.24754947266049157,0.47099351867578776,0.6538685186505304,-0.10064284618895386,-0.33848521618406946,0.12063628425198362,0.13036085639980466,-0.689218011953344,-0.4084202909348743,0.19808654155357486
-2.3242606861653385,-1.3716132498796483,-1.2169010298367149,-0.49461745104046617,-0.1974235257581924,-0.8929793958399699,-0.992444743451675,-0.7456998587916428,-0.012534562111791117,0.3161381360445409,0.15754079826318554,0.07444087404664479,0.029520134728408337
-0.6856428951936302,-0.16273227065234383,-1.3907043580518519,-0.32084924015632726,1.208380635890073,1.1546284921202583,-0.3704322872077223,-0.03533528684806622,0.14703477862258896,-1.5614864647081854,-0.5554217465373165,0.2753437274868721,0.41658609942623126
3.1051178622012885,-0.48011496404243936,0.4915246334459236,-1.0169217465628229,0.6403227726004214,0.28406470204477857,-0.2327778326278101,-0.5920071320762309,-0.23963644540296608,-0.5226617441425305,0.4265558460606411,-0.5290557854506586,0.5262745849031492
1.5631698440846276,-1.1578148788403744,-0.5374932697468731,0.5038885150751928,-0.27263892511009685,-0.27611408533962994,-0.3045626597079773,-0.21840180585745902,-0.810901356653608,-0.13216375019041662,-0.06628656305002306,0.10114090013445354,-0.6347500997591684
0.25303233058049857,2.1964610934226285,0.21264716513348572,1.2038659813521082,0.47883916568430884,0.6974319009134844,-0.7528979711692954,-0.2153828669953521,0.16761964973750082,-0.05085266595701379,-0.5749283513553619,-0.11879291439666695,-0.0001242093319252513
-0.42714448608886074,-1.6196151532928111,-1.3645749362610837,1.0210972759927877,-0.6087947251381772,-0.9196504235311591,1.0506883712686925,-0.48165978424053957,-0.024540714861222404,-0.2706651206103325,-0.07695496494050111,0.49434180625258917,0.021923487897726232
-0.28348506794105194,-0.5069889866307904,-1.266756762373332,1.577857688436706,0.15277217459114212,-0.14530941701329553,0.8742452647676504,0.4938126277151351,-1.0336882695532323,-0.1461542229389268,-0.32590906495755534,0.4902560477100054,0.12937884348439077
1.2504241951379127,0.13448229196326894,0.7118465233642841,0.5870590874981103,-0.28279348096412266,0.32867837237639597,1.099612821239301,-0.18517876113971382,1.1123967390115839,-0.3167386650535955,-0.5289117679736625,-0.3310010173839715,0.08405109039543864
-2.552619286631054,1.1929030957803997,1.5494111306275067,-1.277355325969004,-2.0147943089540443,0.10289249014180196,-0.30613989299293926,-1.435996345309324,-0.5875938157994138,-0.5053481139771672,-0.13249244946507785,0.0487217166475733,0.05069675923452692
-0.11278846375553103,-1.6363993079967132,-0.3648003318782586,1.2705700780649871,1.9868253493774963,-0.3058244915084107,1.112847294715365,-1.4482866365220064,-0.09356946788684113,1.2002639279083502,-0.1028304007866857,-0.09118183294915527,-0.11117797285835937
-0.9872987069524812,0.7522997299388132,-1.677331614750802,1.7992484126427999,-0.429509721263118,0.434936402865248,0.6152606292624718,0.13347866878992734,-0.8206499354763086,0.08895292570166169,0.49563911371146396,-0.12930032082461018,1.1554012680362764
0.8404655438316346,0.9385737052544669,1.378518504089866,1.2865033929669403,0.5629884847104655,-0.03184926758283896,-0.518151703484655,-1.0088276083920278,0.17067539535011583,0.11919432382087525,-0.5813528602908226,-0.33836123930820083,0.03875100686295855
-2.2946125516596414,-0.8958570035859502,-0.9326581539901144,-1.1453122066900607,0.15480707327017063,0.23124320849327257,0.7498950743318624,-0.9998971367561421,-0.44582407354016823,-0.10240747967391522,0.11368705235812816,0.5741322380633763,-0.047821311132809435
-1.5948886209148854,-0.5613834406033038,-0.45086662251895987,-0.399506544630533,-1.5252791261267453,-0.7592088911561463,0.25557814403532997,0.410210907337346,-0.7945186349862586,0.8824692949192108,-0.0030622142559412757,0.18114113651571861,0.43742539994576246
0.6505853614273609,-0.5700560110450477,-0.32102186650715586,-0.6491452455369342,-0.32851352545910845,-0.8910395147174814,0.4294227836835493,0.6694343677316655,-0.6579480329104472,0.587126723450053,-0.007365115030863484,-0.5851252097075701,-0.4566893760013436
1.2645020756681555,0.6271539961897578,-0.11825632245562906,-0.1087919361101865,-0.6672437895862205,0.03933097039166228,-0.46266653777621775,-0.6214178964134347,0.7697220892493696,-0.8526514555235964,0.7174144219782712,-0.2586853451828342,0.30968200294455983
2.05253861258166,0.4487513677443943,-0.7481533871064243,-0.717950992875068,-0.26095616736352284,-0.2777968846278948,-0.6180557979407857,-0.47756821699385577,-0.33813102069789686,0.18155190147820344,0.9219765183163862,0.24215491554194468,-0.00790144024965081
2.259902350335388,-0.7163348986366487,-0.6880822215243447,-0.14575134038126794,-0.15379006461272765,-0.2034472729246521,-0.38138738804209155,-0.4834739293960538,-0.40813410422810886,0.2303125808898514,0.9032566564353739,0.10917273540727268,0.0734576403179201
2.016577551529477,0.8575922944116194,-0.6261626175964585,-0.8247735757529795,-0.4244931892541092,-0.23848840988222336,-0.6528900184435431,-0.8893379017616293,-0.3008127965395181,-0.0886072327065271,0.6538498342070309,-0.42092991511396466,0.3547811589452704
1.452062927982095,0.6311092222998439,-0.29674645579737774,-0.05285954539794205,-0.332302753464155,-0.19180488399627643,-0.5590972581845994,-0.3853119567072537,-0.6271499192142413,-0.6347791865173564,-0.3838540562139643,-0.38856030583202056,-0.33514431226478847
-1.3867962190313867,-0.38941511335578394,0.21896427530384677,0.09603221367642209,0.9587983577791751,1.1773675254039033,-0.3746823547786093,-0.6621572207136023,0.3850101708441053,-0.3359719297014747,0.6586365351669975,0.4941803988594319,-0.4452427853571649
0.19178728852367988,-1.1892026186270386,-0.598556562857228,2.4188422967693763,-1.2622230106146612,0.34366870177648196,-0.3355172289060427,-0.9198024974010724,-0.3754555972170272,1.0919153057600373,-0.34590749545241395,-0.3333074259689526,0.3201951209557109
-1.7768279726662097,-1.4147061692770346,-1.3212046444118626,1.7310837098139598,-2.207043708951983,0.17752714402746023,-0.47183542856255317,-0.5731615612696107,-0.39813833088515743,0.10130896075557322,0.4759252025401912,0.17602357505800248,-0.8491532588817853
0.7106286250063603,-0.7528999288612507,-1.4761530785616916,0.495967174707074,0.854643947094719,-0.17983694914633291,-0.7630911790098007,1.14071400312708,-0.38270669211753255,-0.005731768076654431,-0.13547909937467803,-0.34560592855730904,-0.39610309867304383
-0.4881842906275751,-1.0808670441041948,-1.5396755603154297,-0.6491105450759347,-0.613315565906841,-0.727410370278337,0.8665870934748707,-0.7596359036597536,-0.11995040160075517,-0.15734245171452316,-0.004327943606057427,0.5687144215780281,-0.045498968924253674
0.241855308964397,-0.5442684199937328,0.012895498052587218,-0.00040917360738360053,1.911512033045358,-0.4441186798653755,-0.782990781111121,0.39151217450434883,-0.3076754679613842,-0.10140220213419415,-0.15286312083048995,-0.3846676869562486,-0.3931884583129789
0.5957451768294972,0.1602319859715751,-0.12622268750131077,1.5858465050553123,-0.39412692024158474,0.10238255887618847,0.8606844467690027,0.3729435667626584,-0.5147648564382186,0.42122122445640464,0.8535285557421538,0.26112876968054044,0.3971364496602837
-0.41030254556111784,-1.9811998249029275,-0.5153420440608736,0.3563410161566358,-0.8705112571664939,0.21570497730854804,-0.3921776163049703,0.4315717886846394,-0.1036544504356698,-0.5538332582438205,-0.045231936054186545,0.6015422838355738,-0.07227727650355972
-1.9991550859825766,-1.1294697374505474,0.5778738387008688,0.48187618607099225,-0.5863543922594361,-0.48563264760866426,-0.8673361696293262,-0.29217787703559794,0.10638540379895849,0.14020947005264195,0.3308909158154742,-0.3948593959476671,-0.6412627773187379
-1.6154241511784098,-0.5798731308930725,-1.1544657583422961,1.0258137327141759,-0.8578956086296479,-1.0293472558164038,-0.9800709900585984,0.29070738817402586,0.2435286538722235,-0.09579717598265386,-0.021806358477442472,0.19286857279124014,0.027703587058381635
1.113291975327174,0.8501881904187671,-0.8416682871092223,-0.43355693509029397,-0.4959623251718572,0.5323281146081352,0.7031384106314966,-0.2967341188869499,-0.17020106618674813,0.6720798927349194,-0.4475571484288521,-0.41411410546999156,0.06672417993202129
1.4046422660945084,0.04607741055164233,-0.6254842576933821,-1.8070951910827002,-0.14204250588803174,0.3282977126098487,-0.4267745528672055,-0.025236117602150193,0.3416220921556919,-1.0111827656563976,-0.007936348016567535,0.5001835323467941,-0.7696100776913448
2.220450048486968,-0.5716335261021435,0.11026055616087399,-0.12266389964680777,-0.14541276476000936,0.3350293111057508,-0.14025261817471957,-0.6591981096459619,1.2082281708775775,-0.4350169626505379,-0.5319279784361467,-0.21544325744955617,0.03999410088021664
-0.21142648118190593,-0.3495379843288213,-1.7279951772666426,1.6151418633469592,1.1542447659327189,0.6152464538245579,-0.380179546465697,-0.19303919353841564,-0.7048270486465231,-0.6165547361502561,-0.32073266415614177,-0.4500783476756511,-0.17089325457905893
-1.3754212004652078,-0.06286128944343805,0.2182726498339101,2.328592990057034,-1.3734425532007348,1.4130938878402362,0.26798086432950663,-0.06215530334028488,0.5102114425733364,0.03519173932315961,-0.2476529058045023,-0.3384668045199909,-0.012917973444593014
-0.23722187063325612,1.6331507262573532,0.5696522012325198,1.8061126895192476,-0.693374126139259,0.04980278972379376,0.5615073290887034,0.43546686650934296,-0.5504612246750518,0.19369769917756108,0.9399239364575844,0.14068039468006288,0.02050781905284306
0.5462802746260429,0.06427760179515626,-0.5367157398809843,0.4408558223102119,-0.4590951542811998,-0.22337557158999016,-1.0061490761015173,0.7515254453985521,-0.2825118683473696,0.6309935179782058,0.9673383466550841,-0.38709356580380344,0.1861554354287538
1.0759486406381538,-0.5674500048121949,-0.6772469712395301,-0.12437496221933406,0.05975569045133933,0.1496510346337651,-0.28089210334170844,-1.300317690263392,1.101182440288023,-0.05011707520390257,-0.3420189295948818,-0.24754688190256913,0.003713823571128483
-0.16203731859869835,1.9253258567661693,-1.0992730568890456,0.32014093975570174,0.8736336950181732,-0.3494762830541677,0.5075165685894518,-0.829587313309179,-0.17154324929934128,0.20374920206340252,0.6694424327947347,-0.23874866140293777,0.711308644253482
0.677968831746697,1.2152456091103616,1.0551418094447185,0.6169350683430974,-0.11767531388147584,0.8471548499116905,-0.551487114727659,-0.025629040307472067,-0.4020240879649732,-0.4527659253535679,0.04845987715054678,-0.2054958477469655,-0.060895850078174246
2.304681350355635,-0.22204928118785291,-0.05234885610309617,0.022609584996303944,0.12092890401878831,0.17124962554768902,-0.37842558848944446,-0.30258784367712643,0.06113608822906695,0.5153144952788355,-0.32278487840438297,0.32286393764221566,-0.3039254119193866
-2.0847662330087617,-1.658900025979851,1.125772315791168,0.20965003247365965,-0.06226630332821581,0.8610861291706635,1.055409613786371,-0.2508059031311045,-0.5818606571092211,-0.5128671532484681,-0.07055915121236603,0.4695950413466098,0.040516339032416845
-0.5556460364063975,-0.45529011974034594,-0.15544837288989205,-1.6660671383624455,-1.4513517272195222,-0.8372686586252895,-0.849021024064831,-0.757787547292248,-0.0642321277115392,-0.15660840962467365,0.13527485608459394,0.687936511302292,-0.2893162519455009
0.5131655368937776,-0.8910671138569822,0.42208327817813035,0.12560503269003387,-0.3890058058715165,0.043699790745582556,-0.25260293373705844,0.043800848344113824,0.11740025312406131,-0.9919374095803846,-0.37196687742445567,1.0341228043759036,0.2251761277549106
-0.9530966217639067,-1.0180887286322085,0.14107686509673426,0.3230404701053128,0.11291027963419376,0.9685697284250046,-0.4862510238486173,-0.22966976877038955,0.826620734780229,0.5848186658446003,0.07986981690451073,0.563032382795798,-0.14875009916627285
1.7871143363393063,0.32324108136159324,1.54283080765668,-0.5320801112908056,0.3376045187091168,-1.4053660792114007,-0.8965678739023093,0.38130140876637786,-0.1686857397269526,-0.179683707186294,-0.24743215830125118,-0.35025604167933505,-0.5339990507276889
2.0233577871237833,-0.8523871693699864,0.642178862616194,0.6251319490306906,-0.14095508793324824,-0.224269326760476,-0.300635707374108,-0.772712213908671,-0.036933557104612394,0.7281081262648903,-0.2603670539111129,0.18176332661719619,-0.30866070020343184
-1.2794667351418034,-0.4663722757741712,0.6550378612546737,0.3628035238729206,0.36747492265263704,-0.41014581613364637,0.37731791817430443,0.817171660456521,-0.9760610037645423,0.2922854203196047,-0.2908036067883504,-0.14326249903903726,0.2517220248376115
-1.437565269723192,0.5479063545981215,1.520530654189043,0.5761925633065765,-0.5867301683561601,0.27736729988506204,0.46082543710455226,0.6042714837122585,-1.1186620764035136,0.19257595620110823,0.1628314976986661,-0.021563511041888028,-0.7426966799881224
-1.7401362936853473,-0.37242449905666886,-0.45764457380107654,-1.3205054064959785,0.10577675566907618,-1.3376279240588131,-1.1165145027722234,-0.9265946151475024,0.2356358807532028,0.08277699757105991,0.06411105525760782,0.17528696224992923,-0.01996561765694191
-0.6944483066330531,-1.7807980074977485,-0.2977437394116688,1.9395911191710515,-0.7848486409564102,1.5720473705920919,-0.049958539009206215,0.3534664408086603,-0.1863037975783301,-1.1068044555800687,-0.18292497573300862,-0.44664327668311843,-0.24709853105081983
0.1774845944176391,0.09361059584718054,0.2577154665516622,1.046092401303175,1.6385454617693034,0.42375233412167707,-0.397511659921069,-0.3758757014528389,-0.2607219884293815,-0.07649181987377257,0.3575150340134528,0.36844623088093975,-0.3239660370391496
-0.7800854017860932,1.1600595500467972,1.8631724252202273,0.8298392646865684,-0.6196860816246001,-0.4750387631569399,0.3824963513158302,1.0235491426266163,0.908379282399894,-0.03735510525331173,0.4803772146884865,-0.1323378594269204,-0.33468834207592557
-0.5225565260624572,1.6387382417652578,-0.25071261500960057,1.017757354418283,-0.22642186786437873,0.3345801482833569,0.7086904260560221,-0.31961089151302413,1.097876395932182,-0.13725865651923536,-0.35603097570462916,-0.1775280420805601,-0.01958688984290985
1.6468605175128286,-0.3538931526835708,0.6143478567558442,-0.07067960339706159,-0.716063772593122,-0.30292645669196866,-0.2886426146603206,-1.3665097502849721,1.1159058407755373,-0.09275719316206371,-0.3909257893039181,-0.2787871989304266,-0.05594894103552747
0.5277112852585515,1.320366630672693,0.8169901928622028,0.9282002606114954,0.6176889168398009,-0.44979082889138894,0.6813456511524876,-0.1744249653560807,-0.26285879576599885,0.052984806142471086,0.8473324751163807,0.10911656175735773,0.0883296238647981
0.03154178960759885,-0.8209003425000235,0.04560610662159699,1.1366180613761436,-0.9911693062623612,0.25552859422716834,-0.25271163975501654,-0.4334198547131414,0.11893392887727038,-1.0007270431689435,-0.1718189069731513,-0.3997926851835591,-0.3593949463604673
-1.5492782986809166,-0.47852672770484617,-1.399339134049388,-1.9004341441041226,-0.10079147150790974,0.5691198211375136,-1.0343497573026985,0.6298625144045871,-0.042028251165317346,-0.2733778691492053,-0.03638265156123752,0.31784763657725434,0.05506327203966996
2.126190385404359,0.6216288374336559,0.16819084616682878,-0.11439821889065308,0.1626121547267293,0.22772819989399967,-0.5124949798319565,-0.14894864737199165,0.1282722238856832,0.37187234990192874,-0.34913267268353465,0.42135089737174625,-0.34371274951391073
-1.2540151213841508,-1.3839823849066288,0.15900921925762967,-0.09003949062435741,-0.13568478182592641,-0.19077299157338984,-0.03665364406196264,0.06325769822701335,0.08019116501549499,-0.5228889855271666,-0.4216176933617092,-0.6849606511461606,0.5547564248410266
2.9436073621681462,-0.7978442234893349,0.5176924624541539,-0.2765301020325546,0.38860325690135034,-0.40539766113531134,-0.25352040456149255,-0.546807600749632,-0.23700747325678911,-0.06466887618555336,0.7571895595877063,0.0862774770303677,0.1161424807249036
0.1053758163240581,0.36837355711090713,0.808951080374559,1.2423608112979296,0.8097424734311264,-0.7563164360948365,-0.9098205410012536,0.8158296193773712,-0.27327311444703506,-0.2036139618306464,-0.18424548868072763,-0.3291076778938013,-0.47938787013051953
-2.682345957760367,-0.5281856553257912,-1.0894501636443412,-1.9454060838219593,1.713387354948837,1.3178527355213419,-0.14077897759309113,-0.5100094674955167,-0.8243199201099318,0.22976064627411885,0.459750755753479,0.13995574285231327,-0.6020237499303921
-2.4197823575031143,0.36183992975099666,1.8517618932946305,-0.2182214140275906,0.7280997354995641,-0.29685822742918005,0.6046313918758183,-0.7440109688167068,0.13082614100957923,-0.7218486994475733,-0.3639469166243515,0.1280848973186428,0.5636455011052897
0.3018194873087374,-0.6189610652397922,-0.0893287711173652,0.6490148778303595,-0.5452198625654073,-0.05847089943343281,-0.7324222572857113,0.8303715644585008,0.8106831596902551,-0.0968169032428014,1.015727467693911,-0.2683696572508692,0.1660038243341242
1.0277038085623327,0.28453428978221773,0.22725221201939616,0.5473482000822809,0.08849132001803928,-0.4671359326016548,0.4430409331823138,1.2569716506515412,-0.11369485316387913,0.47153183847628743,0.7972820609150932,-0.5174306428262068,0.31440232813004343
1.4728653767443183,0.17080172992717077,-0.306613250260057,0.4373892972488425,-0.07981477104196888,0.6163879669319966,-0.3812714246963694,0.3717045943805165,0.02791106862990038,-0.39780961635034645,0.8971552036958609,0.3704618978426121,0.1438160506253009
-0.7227952581874784,0.4953083270883828,1.1435240432650027,1.0836710353752308,-0.571534215319394,0.18125012736821955,0.4649577283108937,1.162473461186571,1.1077435839176748,0.4810864397982626,-0.13948396270309213,-0.19968607956875079,-0.198090423563584
0.7253311757046705,1.6910299704704648,-0.6104414412485057,-0.8382103327982602,-0.4853670929775046,0.8581538690567405,-0.8355854103093459,-0.2964548202520221,-0.551604044413279,-0.2037644732040525,0.7019718406276524,-0.29529556501053184,0.3212363259798001
0.17690834907090947,-2.4380480334250043,1.0221473918388932,-0.8624078325488314,-0.20103950901739825,0.42204278890112024,-0.3187046855546372,0.00876338283365119,-0.8895986917119822,-0.2263389060847585,-0.10763209565405024,0.4503985234085258,0.09070563341645696
-2.365506032419887,-1.0064006816204174,1.1770550299118452,-0.2585513356335494,1.4874527368333315,0.5731480014989896,0.4496678179674893,0.639662780494661,-1.2329324261700327,0.2531384609164963,-0.25103443759624755,-0.19180249095216045,0.32386755295383907
0.07701676594987464,-0.714012745188042,-0.4035664767073676,1.5345572625168316,-0.9804691286293923,0.13690661875052684,-0.26480116731652015,0.0540216964252134,0.08178981451637045,-1.3173630016580582,-0.5460504902455379,0.11089608878926327,0.340578787535585
2.9527023015313505,-0.9658119913704138,0.7339920682271561,0.3344470651351466,0.6963001080501844,0.009381679416049893,-0.13676197087729575,-0.06746935065931145,-0.2146679542331672,-0.31322269810971376,0.6633775457673405,0.09563094212079826,0.18012023439410085
-2.5540491607069313,-0.8237598587115136,1.113554579788837,1.7872671150939234,-0.10242536680004632,-1.499899709902959,0.7083456798003585,-1.1972299092014396,0.23887016275786938,0.329441026695274,0.4045801485189723,0.1320536093763185,-0.5194316401811612
-0.6246396897741073,-0.3644653925924485,-0.0035604236014026014,0.6425761495475137,-1.371919415414848,-0.9769364031934453,-0.8908674535021881,0.159624739792858,0.3091899832928755,-0.5870218084331551,-0.4204297174656174,-0.4905335228475984,0.4024279473250151
0.3807627234854861,-1.2924191385531725,-0.7557782690148098,-0.9189328458105179,-0.845203189971883,-0.15975256343949246,-0.7184260045694082,0.18121966065591946,0.6731881785462354,0.44744908226128977,0.6758762061928533,-0.16618646986890945,-0.3351186162376518
-2.585978222179153,-0.8910513350575054,1.088124096535125,0.3968970388618537,1.1893222694393462,0.8439803280209945,-0.7387131419987301,0.43244406744612973,0.20182692096203186,-0.34857806846124256,0.09306537445736637,-0.03599892951342765,-0.23580154506034004
-1.0538770809833164,-2.4277199155293787,0.6067483290246345,1.3299273616159384,-0.07989180703499599,-0.6808965008846244,-0.5197903459822097,0.19841456525410492,0.14285214322630396,-0.3127023814736137,-0.16743117551745815,-0.03583222911636408,0.18627400338131817
0.7469531527805924,0.7259009681110158,-0.20150847245293219,0.4971179529443764,0.5207434195410531,0.21750849085069396,0.9759319616415398,-0.06886131050604274,0.8787832334294966,-0.9582872090345411,0.6135811692944944,-0.3779325302665612,0.48381852576610473
2.5840590352262587,-0.4871623804160182,1.3153225619574307,0.20192022089561773,0.31240276683711987,-0.28932854548423187,-0.2795412421147708,-0.6980700126405889,0.13449254095442448,0.44316816665945863,-0.381405266002408,0.23305488898228754,-0.293856126170302
